,Latitude,Longtitude,City,Date,Temperature,Humidity,Wind Speed,Clouds,Date (UTC)
0,0.6393835509420001,115.57121455472486,loa janan,1544316482,25.64,92,1.32,12,2018-12-09 00:48:02
1,73.74449627562424,157.38076831050796,cherskiy,1544316482,-31.54,75,1.42,48,2018-12-09 00:48:02
2,-38.607242372139844,14.95553163978218,cape town,1544313600,16,72,3.1,0,2018-12-09 00:00:00
3,17.26713635168963,-40.92813842341931,ponta do sol,1544316483,18.97,66,5.42,0,2018-12-09 00:48:03
4,28.249379684889448,171.45359411692266,butaritari,1544316333,29.77,100,2.32,0,2018-12-09 00:45:33
5,-38.21547537616453,-157.73060440539365,mataura,1544316483,18.47,89,6.42,92,2018-12-09 00:48:03
6,4.700857485760707,89.92888728540026,banda aceh,1544316483,23.07,100,1.02,32,2018-12-09 00:48:03
7,54.434448523910476,7.795024732394921,westerland,1544315340,9.8,81,13.9,90,2018-12-09 00:29:00
8,-27.311417462175612,128.2810606031286,yulara,1544313600,36,20,3.6,32,2018-12-09 00:00:00
9,-41.86110502836824,-118.92745092617713,rikitea,1544316484,25.89,98,6.62,88,2018-12-09 00:48:04
10,29.310160282038836,-25.453056812127215,los llanos de aridane,1544313600,19,68,4.6,0,2018-12-09 00:00:00
11,-39.50868772818753,-50.0553976583852,rocha,1544316333,18.22,52,3.12,0,2018-12-09 00:45:33
12,-52.567792441347315,-71.01934597738654,punta arenas,1544313600,10,61,9.3,0,2018-12-09 00:00:00
13,-80.62976053122756,130.81839611652106,new norfolk,1544313600,16,63,1,75,2018-12-09 00:00:00
14,18.548879448985645,-79.4486743830043,lucea,1544313600,28,69,1.5,20,2018-12-09 00:00:00
15,63.16880536274999,110.68402913273883,chernyshevskiy,1544316485,-28.49,83,1.67,64,2018-12-09 00:48:05
16,87.6438957908002,78.23776496117023,dikson,1544316313,-9.49,99,13.17,88,2018-12-09 00:45:13
17,53.284358299796736,146.6157948754131,ekhabi,1544316486,-6.44,86,5.82,80,2018-12-09 00:48:06
18,27.898461798352756,152.24255589436456,hasaki,1544315400,5.81,52,6.2,75,2018-12-09 00:30:00
19,-20.039140516470525,93.76034159787957,labuhan,1544316392,24.12,94,0.42,68,2018-12-09 00:46:32
20,-29.954463931734878,115.22928959720014,geraldton,1544313600,-8,72,7.2,40,2018-12-09 00:00:00
21,22.154924251909293,5.865609661318956,arlit,1544316435,12.72,52,3.57,0,2018-12-09 00:47:15
22,-8.560309952841934,8.520019896446342,soyo,1544316487,23.07,99,1.17,92,2018-12-09 00:48:07
23,-51.64076305231473,14.574428793122365,hermanus,1544316249,11.67,100,1.37,48,2018-12-09 00:44:09
24,82.80768930927661,35.074780786051065,vardo,1544314800,-1.3,57,1.72,1,2018-12-09 00:20:00
25,-61.49120249598854,174.00026789643567,kaitangata,1544316419,20.37,65,8.17,56,2018-12-09 00:46:59
26,64.34986131058238,140.80374612340194,ust-nera,1544316487,-37.86,62,0.92,20,2018-12-09 00:48:07
27,64.43099957952373,-151.4769555025999,wasilla,1544315640,0.8,96,1.5,90,2018-12-09 00:34:00
28,-3.5086390798266933,-23.79618174015735,georgetown,1544316197,24.92,86,3.12,76,2018-12-09 00:43:17
29,38.03255890297547,40.02484720087304,ergani,1544314800,6.43,93,0.5,75,2018-12-09 00:20:00
30,86.28842023247083,-140.8582224358051,tuktoyaktuk,1544313600,-14,92,10.3,90,2018-12-09 00:00:00
31,28.151387175533642,83.83114740729076,pokhara,1544316488,2.49,78,1.07,0,2018-12-09 00:48:08
32,41.99377348057598,71.60437567458516,kosonsoy,1544313600,1,74,1.42,68,2018-12-09 00:00:00
33,-66.79802102831417,-34.62816501019387,ushuaia,1544313600,9,61,9.8,75,2018-12-09 00:00:00
34,60.10310194626706,-62.572050016067664,pangnirtung,1544316489,-26.59,70,0.87,12,2018-12-09 00:48:09
35,-60.74834109511962,21.98750256333659,bredasdorp,1544313600,15,77,1.5,80,2018-12-09 00:00:00
36,-53.54297947496906,160.22149519237462,tuatapere,1544316273,16.49,87,4.67,80,2018-12-09 00:44:33
37,28.614985523928496,-135.7278037019094,pacific grove,1544314500,17.08,51,1.5,1,2018-12-09 00:15:00
38,62.89010416030371,10.209542624308426,berkak,1544316490,-4.79,87,1.07,88,2018-12-09 00:48:10
39,64.97044410202159,-171.58376077932408,lavrentiya,1544316313,-6.79,100,13.77,36,2018-12-09 00:45:13
40,-42.29146435098736,0.16749523546945966,saldanha,1544316490,-1.14,83,1.17,0,2018-12-09 00:48:10
41,27.31542343218611,98.93098944206486,dali,1544316490,3.07,100,1.22,0,2018-12-09 00:48:10
42,70.9047730781244,-126.4690286530325,norman wells,1544313600,-12,85,1.5,75,2018-12-09 00:00:00
43,-85.99304744475937,176.28127031109165,bluff,1544316264,21.89,75,6.57,100,2018-12-09 00:44:24
44,84.86582023619198,-56.63596720214355,upernavik,1544316491,-12.89,100,4.62,56,2018-12-09 00:48:11
45,-25.991327567039704,154.26707059513438,coolum beach,1544316492,22.37,93,3.72,92,2018-12-09 00:48:12
46,-55.318156252617534,45.81973133606982,east london,1544316330,19.39,100,4.67,92,2018-12-09 00:45:30
47,72.1436465418899,-105.4367947301333,yellowknife,1544313600,-12,92,4.1,20,2018-12-09 00:00:00
48,20.844732192469152,115.87368506910639,jieshi,1544316492,14.97,100,5.57,92,2018-12-09 00:48:12
49,-50.516121350859564,-23.78785361411647,arraial do cabo,1544316492,21.87,94,3.82,56,2018-12-09 00:48:12
50,-45.771639655782295,131.33018246987342,port lincoln,1544316493,18.29,88,5.92,64,2018-12-09 00:48:13
51,-7.9469950317874805,45.04160867332564,mitsamiouli,1544316493,27.22,100,4.47,32,2018-12-09 00:48:13
52,3.306747388391017,-153.65811111579768,hilo,1544313180,26.7,56,5.1,20,2018-12-08 23:53:00
53,20.078296241827147,-106.8299746336204,tomatlan,1544316368,26.49,70,1.17,0,2018-12-09 00:46:08
54,4.288549038174395,85.80079616811207,wattegama,1544316493,20.79,97,1.57,88,2018-12-09 00:48:13
55,14.323846587583489,52.37024386519673,bereda,1544313600,13,87,4.6,90,2018-12-09 00:00:00
56,-32.617128088600076,21.540119196909956,oudtshoorn,1544313600,13,87,1.5,88,2018-12-09 00:00:00
57,-34.78140875954281,-56.1693321682549,la paz,1544312640,22,60,6.2,40,2018-12-08 23:44:00
58,-59.26157418130275,29.83529659997467,port elizabeth,1544313360,-0.94,68,2.1,1,2018-12-08 23:56:00
59,-40.206020296668555,178.63773516911073,gisborne,1544316495,21.67,63,1.97,0,2018-12-09 00:48:15
60,56.860527404711235,58.16981580442203,ufimskiy,1544316495,-9.11,89,1.17,76,2018-12-09 00:48:15
61,13.151375505259765,-98.45379216876593,puerto escondido,1544312460,29,70,1.87,20,2018-12-08 23:41:00
62,-31.808256494776103,-98.15622292580753,lebu,1544313600,12,81,1,32,2018-12-09 00:00:00
63,88.70956536800253,-87.45701533016343,qaanaaq,1544316314,-19.69,100,4.02,48,2018-12-09 00:45:14
64,38.63462198378454,-167.96866049950273,kapaa,1544313360,26.2,53,9.3,75,2018-12-08 23:56:00
65,-36.7892157747375,108.50362739123517,busselton,1544316496,17.42,100,7.27,0,2018-12-09 00:48:16
66,12.217681706597347,76.1570446012633,piriyapatna,1544316496,19.62,96,2.77,20,2018-12-09 00:48:16
67,26.383434022636067,-40.876102982796425,ribeira grande,1544316276,18.12,99,7.02,64,2018-12-09 00:44:36
68,1.0564933533388228,-79.75459994747972,esmeraldas,1544313600,19.33,68,6.2,0,2018-12-09 00:00:00
69,48.284085377898776,146.0532190508236,vostok,1544316497,-22.74,63,2.62,32,2018-12-09 00:48:17
70,-20.04584258659027,-71.5346455868183,iquique,1544313600,20,68,6.7,0,2018-12-09 00:00:00
71,-19.86878151460833,-177.73685782657085,vaini,1544313600,19,93,0.82,48,2018-12-09 00:00:00
72,78.71619971257769,-146.0811851988332,barrow,1544316493,27.24,31,8.37,20,2018-12-09 00:48:13
73,6.635156158127927,-119.4216280082168,cabo san lucas,1544312460,23.46,53,3.1,20,2018-12-08 23:41:00
74,60.88814403140023,78.51368313157525,strezhevoy,1544315400,-15,84,2,0,2018-12-09 00:30:00
75,-4.322713060813612,79.22641317581747,hithadhoo,1544316498,28.52,100,4.12,56,2018-12-09 00:48:18
76,84.67059674830881,173.66470572262818,pevek,1544316499,-21.44,100,4.42,8,2018-12-09 00:48:19
77,80.57069632887632,-144.05484465354124,aklavik,1544313600,-15,77,5.1,75,2018-12-09 00:00:00
78,-37.69910865576388,62.157892113061564,saint-philippe,1544315700,-10.52,85,2.1,90,2018-12-09 00:35:00
79,62.71997167831705,44.05054753502077,rochegda,1544316499,-6.01,75,3.37,76,2018-12-09 00:48:19
80,41.02098463670657,139.8696253415356,kizukuri,1544315400,-3.84,92,4.1,75,2018-12-09 00:30:00
81,1.1718119762676054,-9.554295875350704,harper,1544315700,5.06,82,6.2,90,2018-12-09 00:35:00
82,41.64937191759216,74.96038978989682,at-bashi,1544316500,-12.34,77,1.07,76,2018-12-09 00:48:20
83,34.8369559678534,-49.80354078502398,torbay,1544313600,-2,100,7.2,90,2018-12-09 00:00:00
84,53.57358025957217,-111.59047709450645,two hills,1544316501,-16.36,54,1.97,0,2018-12-09 00:48:21
85,57.06934552724425,60.91533099621509,monetnyy,1544315400,-9,66,0.97,75,2018-12-09 00:30:00
86,22.048493181483906,139.95126286559162,naze,1544316501,23.24,89,2.32,24,2018-12-09 00:48:21
87,75.18819143651476,-5.265219670054108,klaksvik,1544314800,3,64,7.2,44,2018-12-09 00:20:00
88,16.958288272770034,-21.997319889923773,santa maria,1544316503,17.52,49,3.47,0,2018-12-09 00:48:23
89,46.45038751869774,112.68542114153257,baruun-urt,1544316504,-32.86,38,1.57,8,2018-12-09 00:48:24
90,-63.06216514809614,143.62705031328773,hobart,1544313600,16,63,1,75,2018-12-09 00:00:00
91,69.94300447171454,25.853182146796144,karasjok,1544314800,-13,84,0.87,76,2018-12-09 00:20:00
92,67.13628866366872,-88.2250002535077,thompson,1544313600,-11,85,3.1,90,2018-12-09 00:00:00
93,50.64254786337645,-96.57949041920754,gimli,1544316206,-15.84,72,4.02,0,2018-12-09 00:43:26
94,19.096435066394946,101.78232258727127,luang prabang,1544313600,21,100,1,90,2018-12-09 00:00:00
95,-18.12774742473549,107.94526994216432,carnarvon,1544316505,10.64,72,5.72,0,2018-12-09 00:48:25
96,50.41029572861382,-66.06293270018566,sept-iles,1544313600,-16,65,2.6,20,2018-12-09 00:00:00
97,5.414111734624285,133.85132061531255,kloulklubed,1544313240,27,88,5.1,75,2018-12-08 23:54:00
98,43.92734163758462,-82.0995401863974,goderich,1544316505,-1.04,92,5.82,48,2018-12-09 00:48:25
99,-40.313528426053445,-53.14824208177693,mar del plata,1544316263,26.42,29,7.07,8,2018-12-09 00:44:23
100,-42.868692017335675,-76.74355596620683,castro,1544313600,13,87,6.2,75,2018-12-09 00:00:00
101,47.73309176536151,0.5455797065516492,saint-cyr-sur-loire,1544313600,12,71,5.7,80,2018-12-09 00:00:00
102,53.055676658396976,32.22784986022393,surazh,1544316506,-0.44,94,5.32,92,2018-12-09 00:48:26
103,61.237849264452706,131.2409524620735,amga,1544316506,-29.49,60,1.32,76,2018-12-09 00:48:26
104,-27.860250082357645,-166.4829206018077,avarua,1544313600,29,79,4.6,90,2018-12-09 00:00:00
105,-23.700734335503398,-12.330925103971992,jamestown,1544316450,30.32,38,2.07,64,2018-12-09 00:47:30
106,-17.543354418485194,64.10986516516425,quatre cocos,1544313600,25,88,4.6,40,2018-12-09 00:00:00
107,44.56884774606053,22.587306003248955,kladovo,1544316508,-0.54,90,2.27,92,2018-12-09 00:48:28
108,68.69230065527339,92.54337013920309,talnakh,1544316317,-19.34,73,7.87,76,2018-12-09 00:45:17
109,-35.62264715079972,66.24572935944988,souillac,1544313600,12.44,87,6.7,75,2018-12-09 00:00:00
110,59.169659212400774,127.61025906027288,tommot,1544316353,-28.09,77,2.07,76,2018-12-09 00:45:53
111,23.70105168105009,40.78191963039754,mecca,1544316508,10.29,83,1.32,0,2018-12-09 00:48:28
112,-7.903342666370236,65.20283499810142,victoria,1544315400,28,88,1.5,75,2018-12-09 00:30:00
113,-35.89282259726127,77.17659610772319,bambous virieux,1544313600,25,88,4.6,40,2018-12-09 00:00:00
114,61.60453403813966,17.216257327064056,hudiksvall,1544316509,3.32,100,4.32,92,2018-12-09 00:48:29
115,53.87658260255273,-69.36687061012411,port-cartier,1544313600,-16,65,2.6,20,2018-12-09 00:00:00
116,-16.090617127407867,129.76218364994952,kununurra,1544315400,32,70,4.6,40,2018-12-09 00:30:00
117,53.43350556476284,138.45676872246696,mnogovershinnyy,1544316510,-7.94,81,4.37,80,2018-12-09 00:48:30
118,-28.860342106612215,37.94363997061794,inhambane,1544316334,26.54,91,4.32,92,2018-12-09 00:45:34
119,37.127880454138634,-60.06741539695821,saint george,1544313000,7.07,93,1.57,90,2018-12-08 23:50:00
120,55.14870945148587,154.42246511774715,sobolevo,1544316510,-1.84,95,5.37,92,2018-12-09 00:48:30
121,42.482489086412784,-113.21290939242891,rupert,1544313180,-1.66,78,1.5,75,2018-12-08 23:53:00
122,86.67881884172942,176.98931656539008,leningradskiy,1544316511,-17.46,95,5.17,36,2018-12-09 00:48:31
123,81.37931926801787,122.11965414423724,tiksi,1544316511,-38.89,77,1.37,12,2018-12-09 00:48:31
124,31.215434895813303,-8.258577584682257,marrakesh,1544315400,10,81,1.5,0,2018-12-09 00:30:00
125,46.394269559871276,-118.20201631510689,walla walla,1544314260,-0.42,72,2.1,90,2018-12-09 00:11:00
126,49.41534097010782,27.00660275159123,krasyliv,1544316512,1.52,97,3.57,76,2018-12-09 00:48:32
127,-14.387249649512285,142.04501242334896,mareeba,1544315400,24,88,4.1,90,2018-12-09 00:30:00
128,49.992760503626755,-7.8132219230056705,kinsale,1544315400,8,81,11.3,20,2018-12-09 00:30:00
129,-30.859177661555655,138.21350064959012,port augusta,1544313600,23,69,5.7,8,2018-12-09 00:00:00
130,30.23258209131228,48.83397670680512,shadegan,1544313600,15.02,82,1.27,0,2018-12-09 00:00:00
131,-5.417882715993869,-129.69212987465548,atuona,1544316514,26.42,100,7.67,20,2018-12-09 00:48:34
132,-80.14071472435074,45.95495662106549,port alfred,1544316263,18.52,97,4.17,80,2018-12-09 00:44:23
133,-31.26524637446284,132.78413719615548,flinders,1544316514,28.37,53,1.47,0,2018-12-09 00:48:34
134,-2.5674157183538853,143.75258164627104,wewak,1544316515,30.14,75,1.82,8,2018-12-09 00:48:35
135,58.58206700001739,-141.67918789874952,haines junction,1544316515,0.29,77,3.42,76,2018-12-09 00:48:35
136,-16.103638062305393,-68.57453696369035,achacachi,1544316515,4.12,80,1.02,8,2018-12-09 00:48:35
137,-3.7456964816971947,-37.16003276989866,aracati,1544316516,24.29,91,2.32,56,2018-12-09 00:48:36
138,67.16383337157973,-50.98704334079417,qasigiannguit,1544313000,-12,66,4.6,0,2018-12-08 23:50:00
139,53.7910240902016,80.78268080535548,pankrushikha,1544316516,-21.29,59,1.87,12,2018-12-09 00:48:36
140,-83.33727191233484,108.75163540759087,albany,1544314620,-5.75,70,2.6,75,2018-12-09 00:17:00
141,-9.062341258617366,-37.7838669476273,mata grande,1544316516,19.82,98,0.97,24,2018-12-09 00:48:36
142,71.2891466959206,-8.567757835177531,vestmanna,1544314800,3,64,7.2,44,2018-12-09 00:20:00
143,-17.19740325585154,178.37670905813326,isangel,1544316470,25.54,100,10.52,0,2018-12-09 00:47:50
144,89.30179802701312,-62.21096301556872,narsaq,1544313000,-1,68,5.1,36,2018-12-08 23:50:00
145,4.230693757204193,41.92024827229852,mandera,1544316517,25.52,56,3.07,32,2018-12-09 00:48:37
146,72.8057580527475,114.95590878388174,saskylakh,1544316337,-23.36,70,1.57,44,2018-12-09 00:45:37
147,-7.540272061288775,30.40166100161386,kirando,1544316518,23.72,100,6.02,88,2018-12-09 00:48:38
148,-35.40981175402444,144.23561059640025,swan hill,1544316518,28.22,48,4.67,92,2018-12-09 00:48:38
149,3.7614238372098896,101.0813762228758,sabak,1544313600,24,100,1.27,75,2018-12-09 00:00:00
150,42.46217341467789,77.75556738310354,kyzyl-suu,1544316519,-2.79,100,1.17,48,2018-12-09 00:48:39
151,22.00214527600542,72.14621691814452,bhavnagar,1544316519,14.79,81,2.12,0,2018-12-09 00:48:39
152,-18.826854085594434,-103.46568400635076,puerto ayora,1544313600,25,57,6.7,0,2018-12-09 00:00:00
153,33.19107062504655,40.45544906845882,abu kamal,1544316519,9.27,95,1.57,12,2018-12-09 00:48:39
154,21.550432174689462,-98.00768229381183,ozuluama,1544316520,19.52,100,1.77,92,2018-12-09 00:48:40
155,-21.28002186429765,17.960339525930834,okakarara,1544316520,14.97,38,4.02,0,2018-12-09 00:48:40
156,-15.555953862620129,-50.782771705288184,itapirapua,1544316520,24.07,85,2.22,48,2018-12-09 00:48:40
157,48.9440027718195,48.01072545301105,aleksandrov gay,1544316521,-3.24,96,1.77,92,2018-12-09 00:48:41
158,-3.6987047271693427,18.379799322187665,bulungu,1544316521,22.12,90,1.67,88,2018-12-09 00:48:41
159,-6.406964899733211,-78.37656876504421,chota,1544316521,12.07,98,0.42,56,2018-12-09 00:48:41
160,4.4242831598295425,-88.40418703375066,puerto baquerizo moreno,1544313600,24,73,5.1,0,2018-12-09 00:00:00
161,44.78220415578309,-153.3443106705911,kodiak,1544314500,-2.63,73,3.6,1,2018-12-09 00:15:00
162,52.771540794661234,119.9403575835363,klyuchevskiy,1544316522,-37.19,61,1.22,0,2018-12-09 00:48:42
163,26.98848843188746,-0.070582387726148,adrar,1544313600,13,50,7.2,0,2018-12-09 00:00:00
164,-15.352003590690913,124.59383222733305,broome,1544314800,8.59,81,8.7,64,2018-12-09 00:20:00
165,-3.1595504011675075,-24.74616498859811,cabedelo,1544313600,27,83,2.6,40,2018-12-09 00:00:00
166,-19.37235531637114,165.5870991025497,pouebo,1544316523,26.42,75,7.92,68,2018-12-09 00:48:43
167,7.832794770120046,47.616731670926725,garowe,1544316523,19.29,85,3.82,0,2018-12-09 00:48:43
168,16.991857776682764,-4.6193656333376225,goundam,1544316523,15.42,53,2.27,0,2018-12-09 00:48:43
169,-0.8644076306906214,83.63952077953496,hambantota,1544314200,24,100,1,40,2018-12-09 00:10:00
170,42.23913294316202,118.63968863123569,mujiayingzi,1544316524,-24.59,54,1.32,0,2018-12-09 00:48:44
171,43.51540828527013,174.7974742653921,nikolskoye,1544315400,-2,86,5,90,2018-12-09 00:30:00
172,44.6698034143395,-25.38610505734266,praia da vitoria,1544313600,16,87,6.62,0,2018-12-09 00:00:00
173,7.6004840201683805,88.31429904937141,port blair,1544316524,26.92,100,5.37,80,2018-12-09 00:48:44
174,40.22991190767502,-113.17342769476454,tooele,1544315460,0.61,100,1.87,92,2018-12-09 00:31:00
175,-18.89944230815351,36.9074187886896,quelimane,1544316423,28.17,75,4.22,24,2018-12-09 00:47:03
176,46.74775872493916,-77.13142734456707,deep river,1544313600,-14,100,1,40,2018-12-09 00:00:00
177,46.143293566900695,-133.42696995793676,port hardy,1544313600,6,81,11.8,75,2018-12-09 00:00:00
178,37.26050335321024,12.086087342452203,mazara del vallo,1544313300,15,77,6.2,40,2018-12-08 23:55:00
179,24.30441799295056,146.32243056773245,katsuura,1544313600,4,60,5.1,75,2018-12-09 00:00:00
180,49.40959271538409,55.649432605670455,shubarkuduk,1544316325,-9.89,78,1.67,8,2018-12-09 00:45:25
181,72.26202268124678,-82.12583602449659,clyde river,1544313600,-28,68,2.1,1,2018-12-09 00:00:00
182,68.16179923145015,168.36855660088958,bilibino,1544316526,-38.36,70,1.12,64,2018-12-09 00:48:46
183,4.648167321441392,37.73192702349155,yabelo,1544316526,16.62,84,1.52,20,2018-12-09 00:48:46
184,6.7947350446296895,-94.45148116057436,champerico,1544313300,25,65,2.6,40,2018-12-08 23:55:00
185,6.398718749369209,85.6619281798117,kalmunai,1544316527,22.22,100,3.22,92,2018-12-09 00:48:47
186,88.26856837136137,92.93372231914026,khatanga,1544316314,-23.19,52,1.22,36,2018-12-09 00:45:14
187,12.92403113482817,59.38255355043546,salalah,1544313000,22,46,1.5,0,2018-12-08 23:50:00
188,74.74393124333369,68.1270811603473,sovetskiy,1544316527,-6.14,92,2.52,80,2018-12-09 00:48:47
189,53.78209242098339,-28.892510850845383,grindavik,1544315400,0.83,69,0.5,90,2018-12-09 00:30:00
190,48.4093928113914,-136.17345999405393,ketchikan,1544313360,8.63,67,15.4,90,2018-12-08 23:56:00
191,17.496743338589397,-8.18210907381902,nara,1544313600,4.76,60,2.6,75,2018-12-09 00:00:00
192,-19.07797618225925,-150.26897145268015,papara,1544313600,28,78,3.6,40,2018-12-09 00:00:00
193,32.71580947782496,-93.71934811472835,shreveport,1544315700,4.94,88,6.2,90,2018-12-09 00:35:00
194,42.97610175030482,143.87399717660747,kushiro,1544313600,-7,62,4.1,20,2018-12-09 00:00:00
195,-16.722818760401168,164.87329997178983,luganville,1544316529,26.97,100,7.92,88,2018-12-09 00:48:49
196,19.545228444713175,91.30125677369006,teknaf,1544316529,13.64,99,1.52,0,2018-12-09 00:48:49
197,-9.940888721775423,132.89017438962372,maningrida,1544316530,31.57,84,2.07,0,2018-12-09 00:48:50
198,-24.094712831423905,-166.99662499689154,alofi,1544313600,27,78,5.1,92,2018-12-09 00:00:00
199,-32.18928399371411,-75.97592326814042,valparaiso,1544315700,-6.09,85,0.82,1,2018-12-09 00:35:00
200,17.77176860115459,-60.234232274842086,codrington,1544313600,26,61,2.6,75,2018-12-09 00:00:00
201,36.51687789182829,-24.396567780150406,vila franca do campo,1544313600,18,63,4.6,20,2018-12-09 00:00:00
202,61.821522531044536,47.93472947418721,kharitonovo,1544316530,-9.26,80,2.77,44,2018-12-09 00:48:50
203,45.80033411899345,-165.58816624468076,bethel,1544315820,-4.25,92,4.1,90,2018-12-09 00:37:00
204,52.556524881473905,-11.494120120923611,dingle,1544316531,25.99,86,5.22,44,2018-12-09 00:48:51
205,22.07135108147982,77.36588938094462,harda,1544316532,19.89,70,3.02,0,2018-12-09 00:48:52
206,-32.34378756167687,-66.4331861250312,san luis,1544316532,18.52,83,1.77,24,2018-12-09 00:48:52
207,-51.19334313658487,-29.684273751959637,cidreira,1544316533,17.79,68,5.82,0,2018-12-09 00:48:53
208,9.707400336857688,-97.0324277697108,pochutla,1544312520,28.59,65,2.52,5,2018-12-08 23:42:00
209,49.352942493289675,131.23683751934868,khingansk,1544316533,-25.26,59,1.62,32,2018-12-09 00:48:53
210,-12.912920178828386,166.44927554450942,sola,1544314800,-2,100,5.7,90,2018-12-09 00:20:00
211,-41.70334449051276,160.7578915435074,te anau,1544316327,17.54,70,4.32,80,2018-12-09 00:45:27
212,28.52623004946922,111.18498166709469,changde,1544316534,-1.09,100,3.67,92,2018-12-09 00:48:54
213,40.8896654065212,40.93254698127953,cayeli,1544316534,-3.46,94,0.82,8,2018-12-09 00:48:54
214,26.38975939633538,41.7821933761995,buraydah,1544313600,14,93,2.1,0,2018-12-09 00:00:00
215,31.80676745492518,-70.00326948045932,hamilton,1544314380,18,77,3.1,90,2018-12-09 00:13:00
216,55.026543373439154,143.75609951596738,okha,1544316535,-6.44,86,5.82,80,2018-12-09 00:48:55
217,41.40168519700245,-11.811872714428972,areosa,1544313600,9.02,100,1,88,2018-12-09 00:00:00
218,66.74831754934806,-36.71492257770271,tasiilaq,1544313000,-7,52,1.5,20,2018-12-08 23:50:00
219,-5.638334759503422,111.9712005000938,lasem,1544315400,28,78,0.5,20,2018-12-09 00:30:00
220,23.389030545338287,106.21211534437714,bose,1544314800,-2.38,69,1,0,2018-12-09 00:20:00
221,31.898290100256858,93.4672443010553,lasa,1544313600,12.42,82,3.1,75,2018-12-09 00:00:00
222,-6.327100682986554,-150.08115782591753,faanui,1544316332,26.07,100,6.17,32,2018-12-09 00:45:32
223,-37.19593269269924,165.17706693453778,westport,1544316537,8.54,99,9.37,92,2018-12-09 00:48:57
224,65.16958725934688,-73.04496490630852,iqaluit,1544313600,-25,75,3.1,5,2018-12-09 00:00:00
225,-13.93992318855635,-51.77935384777385,mozarlandia,1544316537,23.74,89,1.87,36,2018-12-09 00:48:57
226,-7.574224746721015,-67.31400431025905,pauini,1544316538,24.07,96,1.47,64,2018-12-09 00:48:58
227,43.07640010322427,92.94554989025033,hami,1544316538,-22.26,45,0.57,8,2018-12-09 00:48:58
228,41.16692379041825,27.090603620872827,hayrabolu,1544314800,7,81,2.1,75,2018-12-09 00:20:00
229,63.448058918644705,-146.9910312318379,fairbanks,1544313480,-8.01,94,1.42,90,2018-12-08 23:58:00
230,-9.208373311100743,11.257629628270564,luanda,1544313600,25,88,2.6,75,2018-12-09 00:00:00
231,11.497428191372393,-59.035646040603396,oistins,1544313600,26,69,8.2,20,2018-12-09 00:00:00
232,43.025335472722844,-128.43998543290326,north bend,1544313360,12.8,83,2.87,90,2018-12-08 23:56:00
233,-9.174423608636602,30.97755694619937,mpulungu,1544316539,18.57,94,1.37,88,2018-12-09 00:48:59
234,-12.215294883470008,-78.82902073274369,hualmay,1544316367,18.79,85,2.72,80,2018-12-09 00:46:07
235,36.90154260571508,123.7384214313451,yatou,1544313600,26,100,1.5,40,2018-12-09 00:00:00
236,53.24912301889816,82.98607592451879,pavlovsk,1544315400,-20,83,3,0,2018-12-09 00:30:00
237,-43.1303310787428,41.4649000352517,margate,1544315400,16,59,1.5,75,2018-12-09 00:30:00
238,-35.35659450819932,166.3506024284025,ahipara,1544316541,21.04,64,6.92,0,2018-12-09 00:49:01
239,58.12187308400058,-128.5905447084457,terrace,1544313600,-2,86,2.1,75,2018-12-09 00:00:00
240,-9.429358691326257,107.57786993209919,kawalu,1544316541,21.47,97,0.62,88,2018-12-09 00:49:01
241,53.57010633656208,33.01965186336702,kletnya,1544316542,-1.89,93,5.62,92,2018-12-09 00:49:02
242,-27.390783039798045,-97.05889386312887,pisco,1544313600,20,82,7.7,75,2018-12-09 00:00:00
243,-54.17105554300111,26.63800324275283,kruisfontein,1544316351,15.37,91,3.97,8,2018-12-09 00:45:51
244,73.79531592634234,69.01831146006384,yar-sale,1544316543,-9.39,88,2.57,80,2018-12-09 00:49:03
245,22.539573364439462,-114.38254822708178,constitucion,1544312760,18,27,4.6,20,2018-12-08 23:46:00
246,48.366026868719985,-86.2975373818917,marathon,1544316543,-0.96,90,8.52,44,2018-12-09 00:49:03
247,47.270850973478616,-58.898247165613256,channel-port aux basques,1544316543,-1.24,100,9.32,48,2018-12-09 00:49:03
248,-26.254887090255806,157.62869174695743,victoria point,1544315400,26.34,57,5.7,75,2018-12-09 00:30:00
249,52.99888758393797,82.88707631664738,topchikha,1544315400,-20,83,3,0,2018-12-09 00:30:00
250,34.96484208815433,20.494190205986598,methoni,1544316544,16.39,100,9.42,88,2018-12-09 00:49:04
251,-19.995220570884413,-143.5722860052729,tautira,1544315400,31,66,6.7,75,2018-12-09 00:30:00
252,-35.713920097136274,173.97472101071094,maungatapere,1544316544,21.29,61,7.52,0,2018-12-09 00:49:04
253,63.24257719772916,125.63107567747818,berdigestyakh,1544316545,-29.36,60,2.02,80,2018-12-09 00:49:05
254,65.36991276339722,176.06775101078898,anadyr,1544315400,-26,75,5,40,2018-12-09 00:30:00
255,52.30144708696761,159.0893286107961,petropavlovsk-kamchatskiy,1544315400,-9,52,4,12,2018-12-09 00:30:00
256,58.91177713763693,87.08403282452309,teguldet,1544316545,-21.39,74,1.22,76,2018-12-09 00:49:05
257,50.940448813443794,24.525895145313626,lokachi,1544316545,-1.09,90,4.52,0,2018-12-09 00:49:05
258,-7.708849931565425,-25.5969970367899,pitimbu,1544313600,27,83,2.6,40,2018-12-09 00:00:00
259,-60.87314867347492,-27.729189142408472,chuy,1544316546,18.52,57,6.52,0,2018-12-09 00:49:06
260,10.345084736767049,-46.52676970005905,cayenne,1544315400,25,83,1.5,0,2018-12-09 00:30:00
261,43.116125929307884,130.25027724662306,hunchun,1544316547,-14.09,55,3.67,0,2018-12-09 00:49:07
262,-2.343061816804237,99.11422692994904,padang,1544311800,24,94,1,40,2018-12-08 23:30:00
263,61.73413792749571,-48.136398202622075,paamiut,1544316548,-2.24,100,7.37,24,2018-12-09 00:49:08
264,50.97406008629852,65.90551284919854,derzhavinsk,1544316548,-24.54,76,1.67,0,2018-12-09 00:49:08
265,42.26811526674754,-179.38688926457036,provideniya,1544316489,-6.71,100,8.37,24,2018-12-09 00:48:09
266,60.18049650734011,11.374175980686914,arnes,1544316548,4.54,64,2.82,0,2018-12-09 00:49:08
267,6.949822011142075,95.30208585074581,sabang,1544316548,25.92,100,4.82,88,2018-12-09 00:49:08
268,64.55144717891349,137.16191981933724,khandyga,1544316549,-35.04,52,1.27,24,2018-12-09 00:49:09
269,70.8614193356268,29.39061978949863,berlevag,1544316355,-14.04,100,2.12,0,2018-12-09 00:45:55
270,3.535878357765313,-49.840954543642795,amapa,1544316549,22.54,67,0.87,0,2018-12-09 00:49:09
271,5.5504684092973235,-24.703042365301826,sao filipe,1544316259,24.12,97,5.12,0,2018-12-09 00:44:19
272,-34.426362075534286,-23.056139871148474,sao joao da barra,1544316385,23.02,100,6.47,76,2018-12-09 00:46:25
273,-4.6169810571197445,140.23714807702373,kiunga,1544316550,23.24,100,1.32,92,2018-12-09 00:49:10
274,-3.2710073898944643,142.70205838566625,aitape,1544316550,28.97,90,3.92,36,2018-12-09 00:49:10
275,41.049855484591774,0.12705199877828477,alcaniz,1544316550,4.54,64,2.82,0,2018-12-09 00:49:10
276,13.381335827065044,-58.300143789973134,bathsheba,1544313600,26,69,8.2,20,2018-12-09 00:00:00
277,54.29558858400364,100.27972205899084,tulun,1544316551,-25.49,61,1.47,56,2018-12-09 00:49:11
278,26.825994042523405,21.970946448249947,jalu,1544316424,7.02,80,1.32,0,2018-12-09 00:47:04
279,53.47244106764413,43.276372761957106,pachelma,1544316551,-6.44,89,2.12,80,2018-12-09 00:49:11
280,44.718558871478706,-26.35964124823778,lagoa,1544313600,12,81,2.1,0,2018-12-09 00:00:00
281,73.70016425960753,146.91130893802642,chokurdakh,1544316371,-36.64,63,1.37,32,2018-12-09 00:46:11
282,-10.02707039743676,-79.67687479535647,chimbote,1544316552,19.49,86,3.57,36,2018-12-09 00:49:12
283,-0.4615796718691314,-50.76124588953971,afua,1544316552,24.72,87,3.12,12,2018-12-09 00:49:12
284,32.83869651510744,113.47322486268376,zhumadian,1544316552,-4.51,68,1.72,48,2018-12-09 00:49:12
285,-16.064758571643623,38.153151132250144,mocuba,1544316552,26.72,65,2.17,64,2018-12-09 00:49:12
286,50.44766782235624,-134.01344201439704,prince rupert,1544313600,8,70,6.2,90,2018-12-09 00:00:00
287,-42.872060215165305,178.9070289422702,waipawa,1544316553,23.79,54,1.87,8,2018-12-09 00:49:13
288,5.619223163247099,57.651859909093986,bandarbeyla,1544316553,25.72,100,6.17,92,2018-12-09 00:49:13
289,44.22922865246849,-55.04126328235675,saint-pierre,1544313600,10,87,13.4,88,2018-12-09 00:00:00
290,2.0030033274153567,80.89374710397436,matara,1544316553,8.97,68,1.02,24,2018-12-09 00:49:13
291,40.649487119676905,100.19379774047889,zhangye,1544316554,-24.24,46,0.77,0,2018-12-09 00:49:14
292,86.53856186417855,15.84394743268922,longyearbyen,1544313000,-3,68,5.1,75,2018-12-08 23:50:00
293,72.75403008450846,0.7393475161067897,roald,1544314800,2.86,86,7.7,92,2018-12-09 00:20:00
294,-32.75042351643653,5.549189900646297,luderitz,1544316528,14.64,78,9.17,0,2018-12-09 00:48:48
295,3.943223452135612,-44.175457314848785,carutapera,1544316554,26.62,86,2.72,80,2018-12-09 00:49:14
296,6.495417979999971,-93.76172105640856,san jose,1544316556,25.52,72,1.42,32,2018-12-09 00:49:16
297,-31.512745201807085,26.664707834307677,molteno,1544316556,8.12,63,2.02,48,2018-12-09 00:49:16
298,14.023901700423991,119.03599231436897,cabra,1544313600,5.48,100,1.12,0,2018-12-09 00:00:00
299,38.40386968314374,-149.4264468937518,kahului,1544315280,24.92,73,16.5,40,2018-12-09 00:28:00
300,0.35863618261024044,-64.42527954376318,santa isabel do rio negro,1544316557,25.07,94,0.97,12,2018-12-09 00:49:17
301,-3.5697357052821417,-67.1947725264383,santo antonio do ica,1544316557,24.39,96,0.87,48,2018-12-09 00:49:17
302,39.65088152170594,-11.144520485342298,peniche,1544313600,9,100,8.72,20,2018-12-09 00:00:00
303,63.74378205420885,151.0951856194717,spornoye,1544315400,-4,92,2,75,2018-12-09 00:30:00
304,-28.603863794765367,166.94564501419325,vao,1544316375,3.24,95,5.02,92,2018-12-09 00:46:15
305,0.6780964851741942,90.57798281763684,meulaboh,1544316558,25.64,100,1.42,8,2018-12-09 00:49:18
306,48.80053243965193,73.20069867984924,abay,1544315400,-22,76,3,0,2018-12-09 00:30:00
307,5.320423633731252,25.146869124387337,zemio,1544316559,20.04,71,1.52,36,2018-12-09 00:49:19
308,-0.24777709357634592,50.019785658259764,mogadishu,1544316559,27.07,100,8.27,32,2018-12-09 00:49:19
309,4.519125089475523,160.23539357683558,namatanai,1544316559,29.67,96,1.97,68,2018-12-09 00:49:19
310,-16.80257553152822,-29.594345772373174,belmonte,1544316559,1.64,77,2.02,0,2018-12-09 00:49:19
311,68.18722317230572,139.53952885774208,deputatskiy,1544316560,-36.09,55,2.27,64,2018-12-09 00:49:20
312,14.223867615174782,-104.68824014075159,lazaro cardenas,1544312700,12,54,3.6,20,2018-12-08 23:45:00
313,-23.929163732144985,160.48713100991506,koumac,1544316560,26.42,75,7.92,68,2018-12-09 00:49:20
314,31.636704799845404,138.902734078393,shimoda,1544313600,7.28,39,6.2,75,2018-12-09 00:00:00
315,57.37423377761178,56.37844223198596,kukushtan,1544315400,-4,92,1,90,2018-12-09 00:30:00
316,70.31449203707783,123.6233299694232,zhigansk,1544316369,-37.39,67,2.12,56,2018-12-09 00:46:09
317,26.765957629053702,-87.06622797501954,warrington,1544314800,8.61,76,9.3,90,2018-12-09 00:20:00
318,-10.957101630933565,-79.3579335932026,huarmey,1544316562,19.64,70,1.82,64,2018-12-09 00:49:22
319,63.71081368593573,-21.483961221486936,eyrarbakki,1544313600,0,100,3.1,90,2018-12-09 00:00:00
320,35.43990742728634,-26.15299684863089,ponta delgada,1544313600,18,63,4.6,20,2018-12-09 00:00:00
321,-4.845670553054973,27.57005051151168,kongolo,1544316562,19.87,100,1.32,100,2018-12-09 00:49:22
322,63.88583730427942,64.04026571994152,igrim,1544316563,-8.11,89,1.72,68,2018-12-09 00:49:23
323,-7.419653297868109,-57.94125831724617,jacareacanga,1544316438,24.54,94,0.82,20,2018-12-09 00:47:18
324,46.54605469197338,99.04369682210853,moron,1544316563,22.27,80,1.32,44,2018-12-09 00:49:23
325,61.354674718448024,-135.85952448105294,whitehorse,1544313600,2,69,5.7,75,2018-12-09 00:00:00
326,-50.81871226999759,132.90147217061144,mount gambier,1544313600,19,68,5.7,75,2018-12-09 00:00:00
327,-33.93890013840435,-50.818465039161964,rio grande,1544316424,18.39,77,5.27,0,2018-12-09 00:47:04
328,-49.25608058290871,-55.41873382998676,necochea,1544316564,23.77,48,7.27,8,2018-12-09 00:49:24
329,-13.53745681746176,-58.535146050197795,nova olimpia,1544316565,25.52,85,1.32,8,2018-12-09 00:49:25
330,46.46797719749506,53.88014748812836,karaton,1544315400,27,78,3.1,20,2018-12-09 00:30:00
331,39.7338089562528,49.528446691122696,qobustan,1544315400,8,87,6.2,90,2018-12-09 00:30:00
332,47.73434468951564,-4.2583567213264075,quimper,1544313600,11.2,87,9.3,92,2018-12-09 00:00:00
333,-13.283191331887636,39.75976453114802,montepuez,1544316566,23.17,85,3.87,12,2018-12-09 00:49:26
334,35.242747363974615,44.72711273674611,kirkuk,1544316566,10.22,97,3.07,92,2018-12-09 00:49:26
335,12.345379225010532,122.28820122350726,concepcion,1544316566,29.52,59,0.62,32,2018-12-09 00:49:26
336,6.710833440418568,75.51504748739308,manavalakurichi,1544315400,26,88,1.42,20,2018-12-09 00:30:00
337,49.55531409669112,-40.679039661789034,nanortalik,1544313000,-1,68,5.1,48,2018-12-08 23:50:00
338,2.7413838534703245,116.43936610250137,tarakan,1544316567,27.04,100,1.52,68,2018-12-09 00:49:27
339,60.55051801449031,62.534542033120374,pelym,1544316568,-10.99,80,1.12,44,2018-12-09 00:49:28
340,50.221068438870674,117.27519150015593,dauriya,1544316568,-32.19,37,1.37,0,2018-12-09 00:49:28
341,4.629471618909591,74.07758637684208,male,1544316568,0.37,94,6.47,92,2018-12-09 00:49:28
342,63.03103179853386,10.272805556569608,hovin,1544314800,0,87,4.6,90,2018-12-09 00:20:00
343,30.547967536128596,87.91990501041084,mangan,1544316569,-7.74,64,0.67,44,2018-12-09 00:49:29
344,62.95001092084652,4.4602503065247845,raudeberg,1544314800,6,100,5.7,76,2018-12-09 00:20:00
345,-23.006823214246694,48.13568405474416,farafangana,1544316570,25.67,97,4.77,92,2018-12-09 00:49:30
346,-8.936726945593733,-26.252611470151038,olinda,1544313600,25,69,8.2,75,2018-12-09 00:00:00
347,76.77231882187078,155.82224507616417,srednekolymsk,1544316570,-37.09,65,1.32,48,2018-12-09 00:49:30
348,-8.016487647677309,25.38578157702446,kamina,1544316496,19.27,100,2.07,92,2018-12-09 00:48:16
349,30.948609548030745,21.801891301992754,ajdabiya,1544316571,6.57,78,1.92,0,2018-12-09 00:49:31
350,31.45768605690685,71.24130076305806,mankera,1544316571,16.77,46,2.52,0,2018-12-09 00:49:31
351,61.23552514742562,167.9743947684634,tilichiki,1544316571,-33.71,45,1.52,8,2018-12-09 00:49:31
352,-23.678305510533335,-48.115296073778524,itapetininga,1544316572,16.29,67,6.12,0,2018-12-09 00:49:32
353,51.092401758905595,130.36581835926944,talakan,1544316572,-30.44,66,0.57,12,2018-12-09 00:49:32
354,-25.33678773642039,27.50406902461836,mogwase,1544316572,18.47,78,2.42,0,2018-12-09 00:49:32
355,76.87596866587523,25.009115427302675,havoysund,1544314800,-5,73,1,20,2018-12-09 00:20:00
356,4.274327532507073,-66.05842200512835,inirida,1544316573,23.62,96,1.02,20,2018-12-09 00:49:33
357,-23.82423356398317,162.10970355718507,voh,1544316573,26.89,86,8.32,0,2018-12-09 00:49:33
358,46.50802333466953,99.82401243570303,hovd,1544314800,0.59,95,4.6,90,2018-12-09 00:20:00
359,26.103789247326503,76.68701017778062,sawai madhopur,1544316574,9.89,79,1.27,0,2018-12-09 00:49:34
360,-4.327610415500402,124.24906257227974,kendari,1544316435,26.67,98,1.52,20,2018-12-09 00:47:15
361,29.725242738949476,121.26655343206846,ningbo,1544313600,2,93,3,90,2018-12-09 00:00:00
362,5.637652272811437,-88.11852856983732,nicoya,1544316574,27.79,59,0.97,92,2018-12-09 00:49:34
363,52.21593914703149,-137.92909961129646,sitka,1544316357,-1.69,66,1.62,0,2018-12-09 00:45:57
364,65.4690531192424,-133.82747121496143,mayo,1544313600,-2,79,3.6,90,2018-12-09 00:00:00
365,30.030196607541583,81.79047033910001,jumla,1544316575,-11.84,84,1.17,0,2018-12-09 00:49:35
366,23.677930127189683,-23.109453970120256,nouadhibou,1544313600,20,56,4.6,0,2018-12-09 00:00:00
367,7.3495887299333305,-6.233707871539423,zuenoula,1544316576,27.52,50,1.87,88,2018-12-09 00:49:36
368,-11.211841725446703,48.58375623615947,ambilobe,1544316576,20.64,89,2.22,0,2018-12-09 00:49:36
369,51.65895013723244,-117.10529323839353,golden,1544313600,-10,61,1.5,75,2018-12-09 00:00:00
370,12.211076571056452,126.17910809520708,san policarpo,1544316577,26.54,99,5.22,24,2018-12-09 00:49:37
371,-10.555021619059005,163.20025730413607,kirakira,1544316577,29.54,100,2.47,12,2018-12-09 00:49:37
372,-20.397655646781743,41.41444135669087,morondava,1544316577,25.27,96,1.22,0,2018-12-09 00:49:37
373,-15.475445123348834,110.76925909501114,boyolangu,1544316577,23.39,98,1.87,48,2018-12-09 00:49:37
374,-19.315634131046536,-47.436068331469215,sacramento,1544314500,13.84,62,1.12,1,2018-12-09 00:15:00
375,-49.0726410375038,-79.09133873583673,coihaique,1544313600,15.44,63,2.1,75,2018-12-09 00:00:00
376,54.5223279442159,-126.98911881816937,smithers,1544313600,-4,73,2.1,75,2018-12-09 00:00:00
377,-26.451862969625424,-46.30283571222839,iguape,1544316578,20.87,100,3.72,88,2018-12-09 00:49:38
378,-39.14289677159791,177.73132492650154,wairoa,1544316579,22.14,71,1.97,24,2018-12-09 00:49:39
379,1.4848704187451318,-2.1821069082410816,axim,1544316438,27.97,100,4.22,0,2018-12-09 00:47:18
380,2.650526651056225,34.40486634211297,moroto,1544316579,14.87,92,1.22,0,2018-12-09 00:49:39
381,-27.327604648250094,-83.72761267203146,coquimbo,1544313600,17,77,4.1,0,2018-12-09 00:00:00
382,44.610101223830156,56.480382661201276,beyneu,1544316579,-13.46,69,1.32,8,2018-12-09 00:49:39
383,33.75408067847067,112.586864561953,luyang,1544313600,0,72,4,0,2018-12-09 00:00:00
384,-10.893124099898458,-87.96023277948531,sechura,1544316580,22.32,77,5.22,8,2018-12-09 00:49:40
385,41.1194702154819,141.16941166929092,mutsu,1544315160,-4.69,73,5.7,90,2018-12-09 00:26:00
386,55.55587262096378,-113.33828642397808,athabasca,1544316559,-12.14,57,2.22,0,2018-12-09 00:49:19
387,40.502701744994766,-111.51234201953517,lindon,1544315700,0.55,86,3.1,75,2018-12-09 00:35:00
388,60.70938295239142,125.22520777684866,nizhniy kuranakh,1544316581,-28.51,80,1.57,64,2018-12-09 00:49:41
389,13.594491328387122,-101.80177992160955,acapulco,1544312700,28,78,2.77,5,2018-12-08 23:45:00
390,-1.0640377224178792,-30.272505844892606,touros,1544316474,26.52,90,2.82,80,2018-12-09 00:47:54
391,1.0785457614086198,69.03586126679875,thinadhoo,1544316363,28.29,100,3.87,8,2018-12-09 00:46:03
392,49.05665709005979,-77.84206333325477,amos,1544313600,-14.97,91,1.5,75,2018-12-09 00:00:00
393,6.3582004451920255,-76.3577951454085,urrao,1544316581,17.12,100,0.87,92,2018-12-09 00:49:41
394,6.6919761826688955,98.1066012439698,phuket,1544315400,24.76,78,2.1,75,2018-12-09 00:30:00
395,-13.104743672220877,139.94203000333636,nhulunbuy,1544315400,33,59,3.6,40,2018-12-09 00:30:00
396,46.06971543626733,162.33181620046298,severo-kurilsk,1544316582,-0.71,100,1.72,48,2018-12-09 00:49:42
397,33.50337219052318,-2.448008401916127,nador,1544315400,11.45,93,1,0,2018-12-09 00:30:00
398,16.758628812786213,5.760753816550022,abalak,1544316583,12.77,59,1.97,0,2018-12-09 00:49:43
399,-32.039588918940616,161.1491752336654,sawtell,1544315400,25.36,61,6.7,40,2018-12-09 00:30:00
400,-18.236005981660668,8.561893759770726,namibe,1544316430,21.22,100,1.97,64,2018-12-09 00:47:10
401,-17.415944521754568,60.05050532154547,grand gaube,1544313600,25,88,4.6,40,2018-12-09 00:00:00
402,38.424979861843696,-110.46051223581559,price,1544313180,2.2,69,0.32,1,2018-12-08 23:53:00
403,-9.117810771893758,-58.77370870565231,aripuana,1544316584,25.87,90,0.87,20,2018-12-09 00:49:44
404,-11.741994576392457,110.29751976515325,bambanglipuro,1544316584,23.29,100,1.77,92,2018-12-09 00:49:44
405,23.52976350766066,-8.893513461439909,taoudenni,1544316584,14.04,40,5.12,0,2018-12-09 00:49:44
406,55.49803761191794,6.3479997742384455,hvide sande,1544314800,7,87,6.7,92,2018-12-09 00:20:00
407,62.157195390863876,64.34813023442274,kommunisticheskiy,1544316585,-7.39,84,2.22,80,2018-12-09 00:49:45
408,22.892437297008897,124.94190616585627,ishigaki,1544313600,20,100,12.3,75,2018-12-09 00:00:00
409,38.38695005230343,51.72339049561003,chalus,1544313600,13,93,1,75,2018-12-09 00:00:00
410,11.01450897253055,3.612117137986985,kandi,1544316586,16.82,58,1.92,0,2018-12-09 00:49:46
411,-27.138182304783378,-57.52010036867114,laureles,1544312580,23,46,3.1,40,2018-12-08 23:43:00
412,17.46749839401926,-107.60697233756554,san patricio,1544316586,17.97,74,1.47,0,2018-12-09 00:49:46
413,61.82278075346653,115.07282063806906,almaznyy,1544315400,-4,92,3,20,2018-12-09 00:30:00
414,26.089622479594127,-91.48340511294916,houma,1544316587,-10.14,80,1.17,44,2018-12-09 00:49:47
415,63.91669580432449,47.94578874083041,blagoyevo,1544316587,-7.44,74,3.02,68,2018-12-09 00:49:47
416,22.53085588616912,17.04280151633509,marzuq,1544316587,8.37,90,1.22,0,2018-12-09 00:49:47
417,51.90963086564835,-119.74396157236083,chase,1544315820,-5.77,81,1.87,1,2018-12-09 00:37:00
418,1.8427440461296385,-1.8783683253638515,takoradi,1544316588,27.37,100,3.47,32,2018-12-09 00:49:48
419,52.2591317404536,31.594301640444,zlynka,1544313600,0,99,4,90,2018-12-09 00:00:00
420,27.341612229023198,85.00744671484995,hetauda,1544314800,5,100,1.5,20,2018-12-09 00:20:00
421,38.79335052111011,119.87017520968766,changli,1544316588,3.14,98,1.52,92,2018-12-09 00:49:48
422,-8.361683673613996,-63.5604286654505,porto velho,1544313600,25,94,2.1,40,2018-12-09 00:00:00
423,34.27194926209246,24.163028527565928,ayia galini,1544314800,13.34,72,2.52,40,2018-12-09 00:20:00
424,58.691050724697334,-119.0678331647166,high level,1544316589,-11.46,86,1.87,0,2018-12-09 00:49:49
425,34.66938902970443,54.86622906831269,damghan,1544316590,0.04,80,1.42,0,2018-12-09 00:49:50
426,52.5010823732938,40.1290050183874,gryazi,1544316590,-5.74,89,3.12,76,2018-12-09 00:49:50
427,78.91216391569105,43.027211657998635,ostrovnoy,1544316590,-4.69,95,4.97,76,2018-12-09 00:49:50
428,-37.609804948254514,-53.81066463392118,maldonado,1544313600,18,88,3.1,0,2018-12-09 00:00:00
429,-28.75266607304797,-44.42589177117253,imbituba,1544313600,19,68,4.32,0,2018-12-09 00:00:00
430,18.146443087505716,-125.52092515345069,guerrero negro,1544316591,20.97,63,3.82,0,2018-12-09 00:49:51
431,65.68337132620002,75.71244804697864,pangody,1544316592,-7.99,88,4.47,88,2018-12-09 00:49:52
432,68.15332671447374,135.42793445726477,batagay,1544316592,-43.36,0,0.87,36,2018-12-09 00:49:52
433,-5.605718027294671,135.2004629050777,nabire,1544316592,22.74,95,0.72,92,2018-12-09 00:49:52
434,-21.940765238902188,164.19198505408326,pouembout,1544316592,26.39,57,5.72,0,2018-12-09 00:49:52
435,25.85868340333616,-105.200736951957,santa maria del oro,1544316593,11.87,40,1.52,0,2018-12-09 00:49:53
436,-18.607048450106348,157.99755796037726,poum,1544316593,-0.61,96,0.52,88,2018-12-09 00:49:53
437,17.77927266074491,-132.03165371922148,lompoc,1544314500,17.09,51,3.6,1,2018-12-09 00:15:00
438,54.47797588300068,109.03639957213636,ust-barguzin,1544316594,-23.21,100,2.12,32,2018-12-09 00:49:54
439,60.35285384241516,-17.583600055883352,vestmannaeyjar,1544316383,1.04,100,3.02,88,2018-12-09 00:46:23
440,46.22147576566522,-73.2478985803654,saint-gabriel,1544313600,-18,91,1.52,1,2018-12-09 00:00:00
441,31.755108288146232,-138.7983129221571,fortuna,1544313600,10.5,93,2.6,0,2018-12-09 00:00:00
442,52.159058761465104,3.930607258340274,monster,1544315100,10.5,81,10.8,75,2018-12-09 00:25:00
443,60.34137929034338,36.00732550113699,vytegra,1544316595,-7.74,85,8.72,8,2018-12-09 00:49:55
444,23.541689500777238,109.27512785873773,laibin,1544316595,3.42,100,5.72,92,2018-12-09 00:49:55
445,-18.13237015345517,-24.597757912476084,maceio,1544313600,26,83,2.1,75,2018-12-09 00:00:00
446,12.707678138343297,125.79093574228989,anito,1544316596,28.12,96,7.97,20,2018-12-09 00:49:56
447,8.390761547761201,101.48952023864103,pak phanang,1544313600,24,100,5.1,90,2018-12-09 00:00:00
448,12.582303932840034,144.71886201448285,airai,1544316597,25.14,90,0.52,32,2018-12-09 00:49:57
449,31.04516392210664,-119.02640212448367,rosarito,1544313600,23,94,1.5,75,2018-12-09 00:00:00
450,-29.469732738955763,-71.09742208877603,la serena,1544313600,17,77,4.1,0,2018-12-09 00:00:00
451,16.0704043595113,-70.13250573313715,bani,1544316597,26.32,86,1.82,0,2018-12-09 00:49:57
452,52.309484932820595,121.85769071252946,genhe,1544316598,-34.86,47,1.62,0,2018-12-09 00:49:58
453,-10.623769459322304,106.19521014761142,banjar,1544316598,24.22,98,1.12,68,2018-12-09 00:49:58
454,21.748663263692805,0.8112603365571829,tessalit,1544316598,9.62,48,1.32,0,2018-12-09 00:49:58
455,0.17285396113845763,29.962593717335807,kilembe,1544316598,18.57,100,0.97,92,2018-12-09 00:49:58
456,64.26462179142868,123.03909671622716,kysyl-syr,1544316599,-32.19,40,1.97,36,2018-12-09 00:49:59
457,63.637335627861205,118.79059343331636,nyurba,1544316597,-29.76,63,1.97,32,2018-12-09 00:49:57
458,50.88372966726067,54.80052888270757,sol-iletsk,1544316599,-9.04,89,3.12,64,2018-12-09 00:49:59
459,7.356727472085154,-11.296291281020075,zimmi,1544316599,24.52,88,1.52,0,2018-12-09 00:49:59
460,-21.314741796473868,16.64797052663448,okahandja,1544313600,14,50,1,0,2018-12-09 00:00:00
461,19.61594586326929,62.12971533122317,sur,1544316600,23.79,100,2.27,0,2018-12-09 00:50:00
462,-17.560475904542344,151.83126395588545,bowen,1544313600,23,100,8.2,90,2018-12-09 00:00:00
463,52.226483726818685,-81.19318859881506,moose factory,1544313840,-12,85,5.1,90,2018-12-09 00:04:00
464,-2.5390261158323284,9.51613348117283,gamba,1544316601,-21.84,67,0.42,36,2018-12-09 00:50:01
465,-10.063489122624901,141.62588909901012,morehead,1544315700,-1.8,68,3.6,1,2018-12-09 00:35:00
466,39.46519412024725,117.2981816234597,yangcun,1544316601,-3.14,86,1.42,92,2018-12-09 00:50:01
467,-28.636834926853304,-58.69808257290801,san lorenzo,1544316603,29.97,73,5.67,64,2018-12-09 00:50:03
468,21.77423535986749,-48.70793920597825,saint-francois,1544313600,12,76,5.7,75,2018-12-09 00:00:00
469,54.791494322407374,105.56365762645504,zhigalovo,1544316603,-31.54,70,1.02,32,2018-12-09 00:50:03
470,12.176519597332714,-23.155117201180303,praia,1544313600,19.47,64,6.2,0,2018-12-09 00:00:00
471,0.4344037769083684,39.94128716314077,garissa,1544316604,23.07,97,1.32,32,2018-12-09 00:50:04
472,27.418467953267395,107.6439566539051,zunyi,1544316604,-3.14,83,2.42,92,2018-12-09 00:50:04
473,51.98052267305815,-111.23242109172429,hanna,1544316604,-12.89,53,2.42,0,2018-12-09 00:50:04
474,67.60183239002873,19.268934831337077,kiruna,1544314800,-8,92,2.1,80,2018-12-09 00:20:00
475,42.32659855428838,99.58253736560954,jiuquan,1544316605,-30.36,26,0.17,0,2018-12-09 00:50:05
476,42.10899319382719,-121.05121067913296,altamont,1544314500,-10,100,2.1,0,2018-12-09 00:15:00
477,-20.37943310384327,117.15573443035703,roebourne,1544316606,36.04,13,5.07,80,2018-12-09 00:50:06
478,20.398402312353483,87.89688178100943,chandbali,1544316606,21.27,100,1.97,0,2018-12-09 00:50:06
479,-33.74416679336052,124.63181481853195,esperance,1544313600,26,78,1.5,20,2018-12-09 00:00:00
480,-19.521540604518904,-51.41912568106255,paranaiba,1544316607,25.72,54,3.92,0,2018-12-09 00:50:07
481,1.4773861202388332,51.99192380024789,hobyo,1544316607,25.79,83,6.22,92,2018-12-09 00:50:07
482,-3.4513527926699084,6.603343715000619,omboue,1544316576,25.79,100,1.72,80,2018-12-09 00:49:36
483,59.42719805860614,56.19110054742487,pozhva,1544316607,-6.21,89,2.22,92,2018-12-09 00:50:07
484,11.448291941868035,12.513965625762722,damaturu,1544316607,14.87,46,3.17,0,2018-12-09 00:50:07
485,77.37258934542845,-8.05153690128904,husavik,1544316608,-15.84,72,4.02,0,2018-12-09 00:50:08
486,-12.251423592278712,-61.85171401319393,cacoal,1544316608,24.79,92,0.97,64,2018-12-09 00:50:08
487,33.1024157665978,99.04332350231243,xining,1544316608,-16.64,57,1.92,0,2018-12-09 00:50:08
488,52.26890178653616,13.445391362807158,schoneiche,1544314800,7,81,8.2,75,2018-12-09 00:20:00
489,68.19253758288113,17.936569788035797,beisfjord,1544314800,-4,85,7.2,12,2018-12-09 00:20:00
490,40.77882283464521,-120.94655440263261,susanville,1544315700,0,81,1.02,90,2018-12-09 00:35:00
491,5.099864188127867,127.69217234666161,pundaguitan,1544316610,27.97,100,3.52,56,2018-12-09 00:50:10
492,71.48893565777809,9.08050874189405,sorland,1544316610,4.24,100,11.77,12,2018-12-09 00:50:10
493,-27.253203281293402,17.485147137362503,bethanien,1544316609,13.39,48,4.22,0,2018-12-09 00:50:09
494,-32.915534868327676,-65.09843677717691,rio cuarto,1544313600,25,31,4.1,20,2018-12-09 00:00:00
495,22.67994126412718,132.22106709346417,nishihara,1544315400,7.56,45,5.7,75,2018-12-09 00:30:00
496,23.79576349974188,-64.52331511157408,road town,1544313600,26.06,74,3.6,40,2018-12-09 00:00:00
497,49.80003650707113,115.20924021680236,nizhniy tsasuchey,1544316611,-29.89,30,1.42,0,2018-12-09 00:50:11
498,22.753793992452827,-82.57303625336202,alquizar,1544313300,25,88,1.5,75,2018-12-08 23:55:00
499,38.045089126298905,26.553049635085102,neon karlovasion,1544314800,2,100,1.5,0,2018-12-09 00:20:00
500,52.41454874857678,-89.82152776228466,sioux lookout,1544313600,-8.59,78,4.6,5,2018-12-09 00:00:00
501,35.22264253472616,136.99447104266181,kasugai,1544315400,7,70,6.7,75,2018-12-09 00:30:00
502,2.5260509970619154,133.09103516600806,manokwari,1544316612,26.79,100,1.67,44,2018-12-09 00:50:12
503,61.91642017862202,-147.6521809447399,palmer,1544315400,23,60,3.1,0,2018-12-09 00:30:00
504,40.906572322844596,97.90637582771592,yumen,1544316613,-23.36,44,3.12,8,2018-12-09 00:50:13
505,10.935146079411382,-9.12170294499802,siguiri,1544316614,17.97,61,1.97,0,2018-12-09 00:50:14
506,-26.10111962444484,22.25461193344063,tsabong,1544316614,20.07,20,5.47,0,2018-12-09 00:50:14
507,60.82468457649986,-6.682880337560249,vagur,1544316614,6.74,100,12.32,64,2018-12-09 00:50:14
508,21.997620811375825,56.34904621395859,nizwa,1544316614,11.29,73,1.97,0,2018-12-09 00:50:14
509,52.149518535534185,119.27407628640833,ust-karsk,1544316615,-37.49,63,1.07,0,2018-12-09 00:50:15
510,-21.504521656300923,132.32655341735426,alice springs,1544315400,36,13,4.6,0,2018-12-09 00:30:00
511,59.85771130470974,-150.03665459664344,sterling,1544315700,-1.14,62,1.5,1,2018-12-09 00:35:00
512,59.81946221195392,109.32117280431652,yerbogachen,1544316615,-25.94,65,1.22,48,2018-12-09 00:50:15
513,25.047878056526926,104.45118558605714,xingyi,1544316616,8.37,95,1.17,80,2018-12-09 00:50:16
514,-35.80702689141886,151.68536085080558,ulladulla,1544316616,24.29,74,2.22,0,2018-12-09 00:50:16
515,49.8443520394776,-54.42734956594671,lewisporte,1544314260,-6,100,1.5,90,2018-12-09 00:11:00
516,-31.862341409564003,-71.0061048758936,salamanca,1544313600,1,100,2.1,0,2018-12-09 00:00:00
517,-6.494084420617412,18.113330916314936,kasongo-lunda,1544316617,20.12,93,1.07,80,2018-12-09 00:50:17
518,7.504603764191188,5.471917030054243,ise,1544315400,7,70,6.7,75,2018-12-09 00:30:00
519,62.79536098553152,34.876422731451356,povenets,1544316618,-3.36,84,7.82,88,2018-12-09 00:50:18
520,35.58804673605688,-108.18294731417643,grants,1544316438,0.54,80,2.42,0,2018-12-09 00:47:18
521,7.487571344936654,153.16603698752442,kavieng,1544316618,28.77,100,2.82,64,2018-12-09 00:50:18
522,-33.134321508548744,-70.48004877439038,los andes,1544313600,19,52,6.7,0,2018-12-09 00:00:00
523,33.10393121453606,97.47295106852215,tezu,1544316619,9.07,50,0.92,0,2018-12-09 00:50:19
524,42.37550619665262,6.296347256213551,hyeres,1544313600,12.46,62,3.1,0,2018-12-09 00:00:00
525,-16.672931294102682,46.712958027658516,marovoay,1544313600,27,83,2.1,20,2018-12-09 00:00:00
526,-17.47288756368812,-41.79239104622317,novo cruzeiro,1544316620,17.74,97,5.42,88,2018-12-09 00:50:20
527,-31.604416917742462,12.542735596559538,oranjemund,1544316620,16.89,96,6.22,0,2018-12-09 00:50:20
528,-18.92530520694352,10.00222611534474,opuwo,1544316620,11.22,61,1.52,0,2018-12-09 00:50:20
529,-12.227499615748343,-90.76591182797974,san cristobal,1544313600,14,93,2.6,40,2018-12-09 00:00:00
530,11.99125834960553,44.601370301485986,aden,1544316407,26.02,100,5.52,36,2018-12-09 00:46:47
531,10.820392756109015,-84.64553676359166,los chiles,1544316621,24.07,87,1.97,56,2018-12-09 00:50:21
532,65.3177652639771,120.23940491703019,verkhnevilyuysk,1544316621,-28.84,58,2.17,44,2018-12-09 00:50:21
533,-28.373157386546502,-60.548241666588,reconquista,1544316621,22.24,52,4.37,12,2018-12-09 00:50:21
534,-37.92613396361612,74.49196869884602,mahebourg,1544313600,25,88,4.6,40,2018-12-09 00:00:00
535,58.45196798232749,120.62198065125051,khani,1544315400,5,100,1,90,2018-12-09 00:30:00
536,48.756448375802364,-114.15563054585266,whitefish,1544313300,-5,77,1.02,90,2018-12-08 23:55:00
537,40.34566687865512,-141.148030786648,eureka,1544315700,16.26,67,3.1,90,2018-12-09 00:35:00
538,2.699749827473127,161.89083083443762,kieta,1544316623,29.29,92,1.97,32,2018-12-09 00:50:23
539,12.043025567071936,128.7038530455522,sulangan,1544316623,27.77,100,9.27,20,2018-12-09 00:50:23
540,-10.301163673484098,119.76264465823022,waingapu,1544316437,27.07,91,1.97,0,2018-12-09 00:47:17
541,-2.916289229880462,100.9436723804821,sungaipenuh,1544316623,19.14,96,0.27,48,2018-12-09 00:50:23
542,-22.02564665311978,10.075160952903502,henties bay,1544316415,14.72,100,3.17,0,2018-12-09 00:46:55
543,58.70087780559331,56.50344473414353,dobryanka,1544315400,-4,92,1,90,2018-12-09 00:30:00
544,-23.206631125193,-77.88131329599949,antofagasta,1544313600,17,77,4.1,40,2018-12-09 00:00:00
545,47.235790270689535,39.2962002231111,sinyavskoye,1544315400,-4,92,3,20,2018-12-09 00:30:00
546,25.272792924794757,-103.06418598028958,venustiano carranza,1544314200,19.94,40,6.7,40,2018-12-09 00:10:00
547,50.384013670675984,-1.7193118999119292,christchurch,1544315400,23,49,3.6,48,2018-12-09 00:30:00
548,17.177568910952687,-100.30747300602744,zacualpan,1544312700,28,74,2.1,5,2018-12-08 23:45:00
549,6.400453649508023,-69.35093535083404,cravo norte,1544316625,31.74,40,3.87,64,2018-12-09 00:50:25
550,-9.682204419118918,-78.13889584645788,casma,1544316338,19.47,100,5.02,68,2018-12-09 00:45:38
551,42.98171890934998,-99.85765662805848,pierre,1544313180,-5,77,3.1,1,2018-12-08 23:53:00
552,-2.8679485981289616,-49.36986427589002,mocajuba,1544316626,25.17,90,1.47,64,2018-12-09 00:50:26
553,39.90070170218243,32.312588499405365,ankara,1544314800,-3,92,1,32,2018-12-09 00:20:00
554,45.72407919849084,80.6663565463507,sarkand,1544316626,-19.04,45,0.97,0,2018-12-09 00:50:26
555,24.54245581518714,51.82139004502463,doha,1544315400,19.58,56,1.5,0,2018-12-09 00:30:00
556,54.70915285711925,-75.65573679219409,chapais,1544313600,-20,83,1.5,90,2018-12-09 00:00:00
557,16.47271501207213,46.265655060538705,sayyan,1544316627,6.07,71,0.37,0,2018-12-09 00:50:27
558,29.402338698419427,-85.1569201268328,callaway,1544315700,-5.93,85,4.6,1,2018-12-09 00:35:00
559,32.27864026446278,46.18825528352028,mehran,1544313600,7,87,1,75,2018-12-09 00:00:00
560,56.04331748949102,-55.59733083721082,saint anthony,1544314080,-2.88,71,2.1,90,2018-12-09 00:08:00
561,12.087913465241854,-164.37654485696055,nanakuli,1544314860,24.14,78,7.2,40,2018-12-09 00:21:00
562,13.955699883411825,67.50510535526621,kavaratti,1544316459,28.67,100,3.37,0,2018-12-09 00:47:39
563,61.18106467602726,-125.7612825840238,fort nelson,1544313600,-14,84,1,75,2018-12-09 00:00:00
564,2.55481247669897,140.8864162443479,vanimo,1544316629,27.74,100,5.52,48,2018-12-09 00:50:29
565,70.41240444412117,-44.42184756270339,ilulissat,1544313000,-12,66,4.6,0,2018-12-08 23:50:00
566,-22.56993735577406,-30.43851556001289,caravelas,1544316543,23.82,100,9.77,92,2018-12-09 00:49:03
567,63.39213593201538,98.10554520719711,tura,1544316630,11.17,85,1.07,0,2018-12-09 00:50:30
568,32.2566021639056,32.306783966183275,damietta,1544313600,15,72,2.6,40,2018-12-09 00:00:00
569,39.15955406779702,39.808049162855184,tunceli,1544313000,2.92,87,0.5,75,2018-12-08 23:50:00
570,-38.09886291804057,-61.08572777184381,tres arroyos,1544316631,27.24,31,8.37,20,2018-12-09 00:50:31
571,-30.982483357155814,-44.90890452252245,laguna,1544312400,25,36,4.1,5,2018-12-08 23:40:00
572,19.18862786635006,74.52225675962089,rahuri,1544316631,15.07,79,1.22,0,2018-12-09 00:50:31
573,1.4690086921462893,5.19976338149587,abonnema,1544316632,22.74,94,1.37,44,2018-12-09 00:50:32
